,Rank,Team,GM,W-L,FGM,FGA,FG%,Madness,Years
0,44.0,North Carolina (ACC),6.0,6-0,171.0,394.0,43.4,1.0,16-17
1,45.0,Gonzaga (WCC),6.0,5-1,147.0,346.0,42.5,1.0,16-17
2,32.0,South Carolina (SEC),5.0,4-1,136.0,299.0,45.5,1.0,16-17
3,19.0,Oregon (Pac-12),5.0,4-1,137.0,288.0,47.6,1.0,16-17
4,38.0,Kentucky (SEC),4.0,3-1,108.0,244.0,44.3,1.0,16-17
5,33.0,Florida (SEC),4.0,3-1,102.0,226.0,45.1,1.0,16-17
6,16.0,Xavier (Big East),4.0,3-1,105.0,219.0,47.9,1.0,16-17
7,8.0,Kansas (Big 12),4.0,3-1,125.0,250.0,50.0,1.0,16-17
8,52.0,West Virginia (Big 12),3.0,2-1,73.0,180.0,40.6,1.0,16-17
9,26.0,Baylor (Big 12),3.0,2-1,83.0,178.0,46.6,1.0,16-17
10,20.0,Butler (Big East),3.0,2-1,75.0,158.0,47.5,1.0,16-17
11,18.0,Purdue (Big Ten),3.0,2-1,86.0,180.0,47.8,1.0,16-17
12,15.0,Michigan (Big Ten),3.0,2-1,82.0,171.0,48.0,1.0,16-17
13,14.0,Southern California (Pac-12),3.0,2-1,78.0,162.0,48.1,1.0,16-17
14,13.0,Wisconsin (Big Ten),3.0,2-1,80.0,164.0,48.8,1.0,16-17
15,11.0,Arizona (Pac-12),3.0,2-1,86.0,175.0,49.1,1.0,16-17
16,1.0,UCLA (Pac-12),3.0,2-1,97.0,176.0,55.1,1.0,16-17
17,59.0,UC Davis (Big West),2.0,1-1,43.0,110.0,39.1,1.0,16-17
18,59.0,Wichita St. (MVC),2.0,1-1,43.0,110.0,39.1,1.0,16-17
19,58.0,Virginia (ACC),2.0,1-1,42.0,106.0,39.6,1.0,16-17
20,51.0,Notre Dame (ACC),2.0,1-1,43.0,106.0,40.6,1.0,16-17
21,40.0,Mount St. Mary's (NEC),2.0,1-1,46.0,104.0,44.2,1.0,16-17
22,37.0,Duke (ACC),2.0,1-1,51.0,115.0,44.3,1.0,16-17
23,36.0,Northwestern (Big Ten),2.0,1-1,53.0,119.0,44.5,1.0,16-17
24,34.0,Arkansas (SEC),2.0,1-1,54.0,120.0,45.0,1.0,16-17
25,30.0,Middle Tenn. (CUSA),2.0,1-1,53.0,115.0,46.1,1.0,16-17
26,25.0,Villanova (Big East),2.0,1-1,52.0,111.0,46.8,1.0,16-17
27,22.0,Louisville (ACC),2.0,1-1,59.0,125.0,47.2,1.0,16-17
28,21.0,Florida St. (ACC),2.0,1-1,54.0,114.0,47.4,1.0,16-17
29,17.0,Rhode Island (Atlantic 10),2.0,1-1,56.0,117.0,47.9,1.0,16-17
30,8.0,Michigan St. (Big Ten),2.0,1-1,55.0,110.0,50.0,1.0,16-17
31,7.0,Saint Mary's (CA) (WCC),2.0,1-1,50.0,99.0,50.5,1.0,16-17
32,6.0,Kansas St. (Big 12),2.0,1-1,52.0,101.0,51.5,1.0,16-17
33,5.0,Cincinnati (AAC),2.0,1-1,53.0,101.0,52.5,1.0,16-17
34,4.0,Iowa St. (Big 12),2.0,1-1,60.0,114.0,52.6,1.0,16-17
35,67.0,Dayton (Atlantic 10),1.0,0-1,18.0,58.0,31.0,1.0,16-17
36,67.0,South Dakota St. (Summit League),1.0,0-1,18.0,58.0,31.0,1.0,16-17
37,66.0,Northern Ky. (Horizon),1.0,0-1,26.0,73.0,35.6,1.0,16-17
38,65.0,N.C. Central (MEAC),1.0,0-1,24.0,67.0,35.8,1.0,16-17
39,64.0,Texas Southern (SWAC),1.0,0-1,22.0,60.0,36.7,1.0,16-17
40,63.0,Vanderbilt (SEC),1.0,0-1,21.0,55.0,38.2,1.0,16-17
41,62.0,Seton Hall (Big East),1.0,0-1,26.0,68.0,38.2,1.0,16-17
42,61.0,Princeton (Ivy League),1.0,0-1,22.0,57.0,38.6,1.0,16-17
43,56.0,Creighton (Big East),1.0,0-1,26.0,65.0,40.0,1.0,16-17
44,56.0,Nevada (Mountain West),1.0,0-1,26.0,65.0,40.0,1.0,16-17
45,54.0,Winthrop (Big South),1.0,0-1,25.0,62.0,40.3,1.0,16-17
46,54.0,ETSU (SoCon),1.0,0-1,25.0,62.0,40.3,1.0,16-17
47,53.0,Miami (FL) (ACC),1.0,0-1,21.0,52.0,40.4,1.0,16-17
48,50.0,Troy (Sun Belt),1.0,0-1,24.0,59.0,40.7,1.0,16-17
49,49.0,Maryland (Big Ten),1.0,0-1,22.0,54.0,40.7,1.0,16-17
50,48.0,UNCW (CAA),1.0,0-1,25.0,61.0,41.0,1.0,16-17
51,47.0,FGCU (ASUN),1.0,0-1,29.0,70.0,41.4,1.0,16-17
52,46.0,SMU (AAC),1.0,0-1,24.0,57.0,42.1,1.0,16-17
53,43.0,Kent St. (MAC),1.0,0-1,31.0,71.0,43.7,1.0,16-17
54,41.0,Iona (MAAC),1.0,0-1,28.0,64.0,43.8,1.0,16-17
55,41.0,New Mexico St. (WAC),1.0,0-1,28.0,64.0,43.8,1.0,16-17
56,38.0,Vermont (America East),1.0,0-1,27.0,61.0,44.3,1.0,16-17
57,35.0,VCU (Atlantic 10),1.0,0-1,29.0,65.0,44.6,1.0,16-17
58,31.0,Bucknell (Patriot),1.0,0-1,27.0,59.0,45.8,1.0,16-17
59,29.0,Minnesota (Big Ten),1.0,0-1,24.0,52.0,46.2,1.0,16-17
60,28.0,Marquette (Big East),1.0,0-1,25.0,54.0,46.3,1.0,16-17
61,27.0,North Dakota (Big Sky),1.0,0-1,32.0,69.0,46.4,1.0,16-17
62,24.0,Virginia Tech (ACC),1.0,0-1,23.0,49.0,46.9,1.0,16-17
63,23.0,Wake Forest (ACC),1.0,0-1,25.0,53.0,47.2,1.0,16-17
64,12.0,Providence (Big East),1.0,0-1,25.0,51.0,49.0,1.0,16-17
65,8.0,Jacksonville St. (OVC),1.0,0-1,23.0,46.0,50.0,1.0,16-17
66,3.0,New Orleans (Southland),1.0,0-1,29.0,54.0,53.7,1.0,16-17
67,2.0,Oklahoma St. (Big 12),1.0,0-1,35.0,64.0,54.7,1.0,16-17
68,21.0,Baylor (Big 12),6.0,6-0,171.0,373.0,45.8,1.0,20-21
69,20.0,UCLA (Pac-12),6.0,5-1,170.0,370.0,45.9,1.0,20-21
70,3.0,Gonzaga (WCC),6.0,5-1,191.0,353.0,54.1,1.0,20-21
71,43.0,Houston (AAC),5.0,4-1,115.0,297.0,38.7,1.0,20-21
72,32.0,Arkansas (SEC),4.0,3-1,110.0,257.0,42.8,1.0,20-21
73,24.0,Oregon St. (Pac-12),4.0,3-1,91.0,205.0,44.4,1.0,20-21
74,15.0,Michigan (Big Ten),4.0,3-1,103.0,216.0,47.7,1.0,20-21
75,7.0,Southern California (Pac-12),4.0,3-1,116.0,230.0,50.4,1.0,20-21
76,35.0,Oral Roberts (Summit League),3.0,2-1,77.0,188.0,41.0,1.0,20-21
77,29.0,Creighton (Big East),3.0,2-1,81.0,187.0,43.3,1.0,20-21
78,27.0,Loyola Chicago (MVC),3.0,2-1,69.0,158.0,43.7,1.0,20-21
79,23.0,Syracuse (ACC),3.0,2-1,67.0,149.0,45.0,1.0,20-21
80,17.0,Florida St. (ACC),3.0,2-1,73.0,154.0,47.4,1.0,20-21
81,14.0,Alabama (SEC),3.0,2-1,90.0,188.0,47.9,1.0,20-21
82,13.0,Villanova (Big East),3.0,2-1,74.0,154.0,48.1,1.0,20-21
83,66.0,Abilene Christian (Southland),2.0,1-1,37.0,124.0,29.8,1.0,20-21
84,62.0,Norfolk St. (MEAC),2.0,1-1,39.0,120.0,32.5,1.0,20-21
85,61.0,Drake (MVC),2.0,1-1,40.0,121.0,33.1,1.0,20-21
86,58.0,Oklahoma St. (Big 12),2.0,1-1,41.0,122.0,33.6,1.0,20-21
87,51.0,Ohio (MAC),2.0,1-1,42.0,116.0,36.2,1.0,20-21
88,49.0,Texas Southern (SWAC),2.0,1-1,45.0,121.0,37.2,1.0,20-21
89,40.0,Texas Tech (Big 12),2.0,1-1,48.0,123.0,39.0,1.0,20-21
90,39.0,Kansas (Big 12),2.0,1-1,52.0,133.0,39.1,1.0,20-21
91,36.0,LSU (SEC),2.0,1-1,52.0,131.0,39.7,1.0,20-21
92,34.0,Rutgers (Big Ten),2.0,1-1,45.0,108.0,41.7,1.0,20-21
93,28.0,West Virginia (Big 12),2.0,1-1,58.0,133.0,43.6,1.0,20-21
94,25.0,North Texas (CUSA),2.0,1-1,49.0,111.0,44.1,1.0,20-21
95,19.0,Oklahoma (Big 12),2.0,1-1,52.0,113.0,46.0,1.0,20-21
96,18.0,Oregon (Pac-12),2.0,1-1,64.0,137.0,46.7,1.0,20-21
97,12.0,Colorado (Pac-12),2.0,1-1,54.0,112.0,48.2,1.0,20-21
98,11.0,Wisconsin (Big Ten),2.0,1-1,56.0,116.0,48.3,1.0,20-21
99,9.0,Iowa (Big Ten),2.0,1-1,60.0,122.0,49.2,1.0,20-21
100,6.0,Illinois (Big Ten),2.0,1-1,58.0,112.0,51.8,1.0,20-21
101,4.0,Maryland (Big Ten),2.0,1-1,54.0,103.0,52.4,1.0,20-21
102,2.0,Florida (SEC),2.0,1-1,58.0,104.0,55.8,1.0,20-21
103,67.0,App State (Sun Belt),1.0,0-1,16.0,62.0,25.8,1.0,20-21
104,65.0,Drexel (CAA),1.0,0-1,19.0,62.0,30.6,1.0,20-21
105,64.0,UNC Greensboro (SoCon),1.0,0-1,19.0,60.0,31.7,1.0,20-21
106,63.0,UConn (Big East),1.0,0-1,21.0,65.0,32.3,1.0,20-21
107,59.0,Tennessee (SEC),1.0,0-1,21.0,63.0,33.3,1.0,20-21
108,59.0,St. Bonaventure (Atlantic 10),1.0,0-1,21.0,63.0,33.3,1.0,20-21
109,57.0,Wichita St. (AAC),1.0,0-1,19.0,56.0,33.9,1.0,20-21
110,56.0,Virginia (ACC),1.0,0-1,21.0,60.0,35.0,1.0,20-21
111,55.0,Hartford (America East),1.0,0-1,19.0,54.0,35.2,1.0,20-21
112,54.0,Clemson (ACC),1.0,0-1,21.0,59.0,35.6,1.0,20-21
113,53.0,San Diego St. (Mountain West),1.0,0-1,24.0,67.0,35.8,1.0,20-21
114,51.0,Winthrop (Big South),1.0,0-1,21.0,58.0,36.2,1.0,20-21
115,50.0,Purdue (Big Ten),1.0,0-1,25.0,69.0,36.2,1.0,20-21
116,48.0,Liberty (ASUN),1.0,0-1,21.0,56.0,37.5,1.0,20-21
117,47.0,Missouri (SEC),1.0,0-1,22.0,58.0,37.9,1.0,20-21
118,46.0,North Carolina (ACC),1.0,0-1,25.0,65.0,38.5,1.0,20-21
119,45.0,UC Santa Barbara (Big West),1.0,0-1,22.0,57.0,38.6,1.0,20-21
120,44.0,Cleveland St. (Horizon),1.0,0-1,17.0,44.0,38.6,1.0,20-21
121,42.0,Mount St. Mary's (NEC),1.0,0-1,19.0,49.0,38.8,1.0,20-21
122,41.0,Iona (MAAC),1.0,0-1,23.0,59.0,39.0,1.0,20-21
123,37.0,Georgetown (Big East),1.0,0-1,23.0,58.0,39.7,1.0,20-21
124,37.0,Colgate (Patriot),1.0,0-1,23.0,58.0,39.7,1.0,20-21
125,33.0,Virginia Tech (ACC),1.0,0-1,24.0,57.0,42.1,1.0,20-21
126,31.0,Grand Canyon (WAC),1.0,0-1,30.0,70.0,42.9,1.0,20-21
127,30.0,Ohio St. (Big Ten),1.0,0-1,29.0,67.0,43.3,1.0,20-21
128,26.0,Utah St. (Mountain West),1.0,0-1,22.0,50.0,44.0,1.0,20-21
129,22.0,Texas (Big 12),1.0,0-1,18.0,40.0,45.0,1.0,20-21
130,16.0,Michigan St. (Big Ten),1.0,0-1,29.0,61.0,47.5,1.0,20-21
131,10.0,BYU (WCC),1.0,0-1,25.0,51.0,49.0,1.0,20-21
132,8.0,Eastern Wash. (Big Sky),1.0,0-1,29.0,58.0,50.0,1.0,20-21
133,5.0,Morehead St. (OVC),1.0,0-1,26.0,50.0,52.0,1.0,20-21
134,1.0,Georgia Tech (ACC),1.0,0-1,27.0,47.0,57.4,1.0,20-21
135,,,,,,,,,20-21
136,,,,,,,,,20-21
137,25.0,UConn (AAC),6.0,6-0,142.0,313.0,45.4,1.0,13-14
138,20.0,Kentucky (SEC),6.0,5-1,148.0,317.0,46.7,1.0,13-14
139,34.0,Florida (SEC),5.0,4-1,116.0,262.0,44.3,1.0,13-14
140,18.0,Wisconsin (Big Ten),5.0,4-1,128.0,273.0,46.9,1.0,13-14
141,36.0,Dayton (Atlantic 10),4.0,3-1,88.0,201.0,43.8,1.0,13-14
142,16.0,Michigan St. (Big Ten),4.0,3-1,97.0,206.0,47.1,1.0,13-14
143,14.0,Arizona (Pac-12),4.0,3-1,104.0,219.0,47.5,1.0,13-14
144,9.0,Michigan (Big Ten),4.0,3-1,100.0,206.0,48.5,1.0,13-14
145,5.0,Tennessee (SEC),4.0,3-1,111.0,222.0,50.0,1.0,13-14
146,48.0,San Diego St. (Mountain West),3.0,2-1,63.0,157.0,40.1,1.0,13-14
147,47.0,Stanford (Pac-12),3.0,2-1,62.0,154.0,40.3,1.0,13-14
148,38.0,Louisville (),3.0,2-1,68.0,157.0,43.3,1.0,13-14
149,32.0,Baylor (Big 12),3.0,2-1,65.0,146.0,44.5,1.0,13-14
150,17.0,Virginia (ACC),3.0,2-1,71.0,151.0,47.0,1.0,13-14
151,15.0,UCLA (Pac-12),3.0,2-1,85.0,180.0,47.2,1.0,13-14
152,2.0,Iowa St. (Big 12),3.0,2-1,96.0,190.0,50.5,1.0,13-14
153,52.0,Cal Poly (Big West),2.0,1-1,41.0,109.0,37.6,1.0,13-14
154,46.0,Villanova (Big East),2.0,1-1,46.0,113.0,40.7,1.0,13-14
155,42.0,Harvard (Ivy League),2.0,1-1,41.0,97.0,42.3,1.0,13-14
156,39.0,North Dakota St. (Summit League),2.0,1-1,42.0,98.0,42.9,1.0,13-14
157,37.0,SFA (Southland),2.0,1-1,47.0,108.0,43.5,1.0,13-14
158,35.0,Syracuse (ACC),2.0,1-1,49.0,111.0,44.1,1.0,13-14
159,33.0,Saint Louis (Atlantic 10),2.0,1-1,52.0,117.0,44.4,1.0,13-14
160,30.0,Pittsburgh (ACC),2.0,1-1,50.0,112.0,44.6,1.0,13-14
161,29.0,Memphis (AAC),2.0,1-1,51.0,114.0,44.7,1.0,13-14
162,28.0,Texas (Big 12),2.0,1-1,54.0,120.0,45.0,1.0,13-14
163,26.0,Gonzaga (WCC),2.0,1-1,47.0,104.0,45.2,1.0,13-14
164,24.0,Creighton (Big East),2.0,1-1,50.0,109.0,45.9,1.0,13-14
165,23.0,Kansas (Big 12),2.0,1-1,51.0,111.0,45.9,1.0,13-14
166,19.0,North Carolina (ACC),2.0,1-1,66.0,141.0,46.8,1.0,13-14
167,13.0,UAlbany (America East),2.0,1-1,47.0,98.0,48.0,1.0,13-14
168,8.0,Oregon (Pac-12),2.0,1-1,51.0,103.0,49.5,1.0,13-14
169,5.0,Mercer (ASUN),2.0,1-1,49.0,98.0,50.0,1.0,13-14
170,4.0,NC State (ACC),2.0,1-1,57.0,113.0,50.4,1.0,13-14
171,3.0,Wichita St. (MVC),2.0,1-1,50.0,99.0,50.5,1.0,13-14
172,67.0,Milwaukee (Horizon),1.0,0-1,18.0,63.0,28.6,1.0,13-14
173,66.0,American (Patriot),1.0,0-1,11.0,37.0,29.7,1.0,13-14
174,65.0,Weber St. (Big Sky),1.0,0-1,16.0,53.0,30.2,1.0,13-14
175,64.0,BYU (WCC),1.0,0-1,20.0,61.0,32.8,1.0,13-14
176,63.0,Wofford (SoCon),1.0,0-1,18.0,53.0,34.0,1.0,13-14
177,62.0,Western Mich. (MAC),1.0,0-1,17.0,49.0,34.7,1.0,13-14
178,61.0,Oklahoma (Big 12),1.0,0-1,25.0,72.0,34.7,1.0,13-14
179,60.0,Duke (ACC),1.0,0-1,22.0,62.0,35.5,1.0,13-14
180,59.0,Colorado (Pac-12),1.0,0-1,15.0,42.0,35.7,1.0,13-14
181,58.0,Kansas St. (Big 12),1.0,0-1,19.0,53.0,35.8,1.0,13-14
182,57.0,Delaware (CAA),1.0,0-1,20.0,55.0,36.4,1.0,13-14
183,56.0,New Mexico (Mountain West),1.0,0-1,19.0,52.0,36.5,1.0,13-14
184,55.0,Mount St. Mary's (NEC),1.0,0-1,22.0,60.0,36.7,1.0,13-14
185,53.0,Tulsa (CUSA),1.0,0-1,21.0,57.0,36.8,1.0,13-14
186,53.0,Cincinnati (AAC),1.0,0-1,21.0,57.0,36.8,1.0,13-14
187,51.0,Eastern Ky. (OVC),1.0,0-1,22.0,57.0,38.6,1.0,13-14
188,49.0,Oklahoma St. (Big 12),1.0,0-1,26.0,65.0,40.0,1.0,13-14
189,49.0,New Mexico St. (WAC),1.0,0-1,26.0,65.0,40.0,1.0,13-14
190,45.0,Iowa (Big Ten),1.0,0-1,24.0,58.0,41.4,1.0,13-14
191,44.0,Xavier (Big East),1.0,0-1,23.0,55.0,41.8,1.0,13-14
192,43.0,Coastal Carolina (Big South),1.0,0-1,21.0,50.0,42.0,1.0,13-14
193,41.0,Massachusetts (Atlantic 10),1.0,0-1,28.0,66.0,42.4,1.0,13-14
194,40.0,Nebraska (Big Ten),1.0,0-1,23.0,54.0,42.6,1.0,13-14
195,30.0,George Washington (Atlantic 10),1.0,0-1,25.0,56.0,44.6,1.0,13-14
196,27.0,Manhattan (MAAC),1.0,0-1,23.0,51.0,45.1,1.0,13-14
197,21.0,N.C. Central (MEAC),1.0,0-1,30.0,65.0,46.2,1.0,13-14
198,21.0,VCU (Atlantic 10),1.0,0-1,30.0,65.0,46.2,1.0,13-14
199,11.0,Ohio St. (Big Ten),1.0,0-1,24.0,50.0,48.0,1.0,13-14
200,11.0,Texas Southern (SWAC),1.0,0-1,24.0,50.0,48.0,1.0,13-14
201,10.0,Arizona St. (Pac-12),1.0,0-1,27.0,56.0,48.2,1.0,13-14
202,5.0,Saint Joseph's (Atlantic 10),1.0,0-1,27.0,54.0,50.0,1.0,13-14
203,1.0,Providence (Big East),1.0,0-1,28.0,53.0,52.8,1.0,13-14
204,,,,,,,,,13-14
205,,,,,,,,,13-14
206,13.0,Kansas (Big 12),6.0,6-0,170.0,368.0,46.2,1.0,21-22
207,34.0,North Carolina (ACC),6.0,5-1,164.0,395.0,41.5,1.0,21-22
208,40.0,Villanova (Big East),5.0,4-1,110.0,275.0,40.0,1.0,21-22
209,1.0,Duke (ACC),5.0,4-1,149.0,293.0,50.9,1.0,21-22
210,46.0,Arkansas (SEC),4.0,3-1,93.0,241.0,38.6,1.0,21-22
211,39.0,Saint Peter's (MAAC),4.0,3-1,90.0,224.0,40.2,1.0,21-22
212,28.0,Houston (AAC),4.0,3-1,97.0,226.0,42.9,1.0,21-22
213,25.0,Miami (FL) (ACC),4.0,3-1,101.0,233.0,43.3,1.0,21-22
214,59.0,Iowa St. (Big 12),3.0,2-1,65.0,182.0,35.7,1.0,21-22
215,35.0,Providence (Big East),3.0,2-1,75.0,183.0,41.0,1.0,21-22
216,19.0,Purdue (Big Ten),3.0,2-1,66.0,148.0,44.6,1.0,21-22
217,16.0,Arizona (Pac-12),3.0,2-1,82.0,182.0,45.1,1.0,21-22
218,15.0,UCLA (Pac-12),3.0,2-1,73.0,162.0,45.1,1.0,21-22
219,14.0,Michigan (Big Ten),3.0,2-1,74.0,163.0,45.4,1.0,21-22
220,11.0,Notre Dame (ACC),3.0,2-1,83.0,178.0,46.6,1.0,21-22
221,10.0,Gonzaga (WCC),3.0,2-1,90.0,193.0,46.6,1.0,21-22
222,4.0,Texas Tech (Big 12),3.0,2-1,88.0,179.0,49.2,1.0,21-22
223,57.0,Illinois (Big Ten),2.0,1-1,36.0,99.0,36.4,1.0,21-22
224,55.0,Wisconsin (Big Ten),2.0,1-1,40.0,109.0,36.7,1.0,21-22
225,53.0,Auburn (SEC),2.0,1-1,49.0,132.0,37.1,1.0,21-22
226,52.0,Texas Southern (SWAC),2.0,1-1,42.0,113.0,37.2,1.0,21-22
227,48.0,Indiana (Big Ten),2.0,1-1,44.0,115.0,38.3,1.0,21-22
228,42.0,New Mexico St. (WAC),2.0,1-1,41.0,103.0,39.8,1.0,21-22
229,40.0,Creighton (Big East),2.0,1-1,46.0,115.0,40.0,1.0,21-22
230,37.0,Wright St. (Horizon),2.0,1-1,53.0,130.0,40.8,1.0,21-22
231,36.0,Richmond (Atlantic 10),2.0,1-1,45.0,110.0,40.9,1.0,21-22
232,33.0,TCU (Big 12),2.0,1-1,53.0,127.0,41.7,1.0,21-22
233,32.0,Ohio St. (Big Ten),2.0,1-1,42.0,100.0,42.0,1.0,21-22
234,30.0,Murray St. (OVC),2.0,1-1,49.0,116.0,42.2,1.0,21-22
235,26.0,Texas (Big 12),2.0,1-1,54.0,125.0,43.2,1.0,21-22
236,22.0,Baylor (Big 12),2.0,1-1,59.0,135.0,43.7,1.0,21-22
237,20.0,Michigan St. (Big Ten),2.0,1-1,55.0,124.0,44.4,1.0,21-22
238,18.0,Memphis (AAC),2.0,1-1,54.0,121.0,44.6,1.0,21-22
239,9.0,Saint Mary's (CA) (WCC),2.0,1-1,51.0,109.0,46.8,1.0,21-22
240,3.0,Tennessee (SEC),2.0,1-1,61.0,122.0,50.0,1.0,21-22
241,68.0,Loyola Chicago (MVC),1.0,0-1,15.0,56.0,26.8,1.0,21-22
242,67.0,Seton Hall (Big East),1.0,0-1,15.0,52.0,28.8,1.0,21-22
243,66.0,Jacksonville St. (ASUN),1.0,0-1,19.0,61.0,31.1,1.0,21-22
244,65.0,Boise St. (Mountain West),1.0,0-1,17.0,54.0,31.5,1.0,21-22
245,64.0,Norfolk St. (MEAC),1.0,0-1,18.0,57.0,31.6,1.0,21-22
246,63.0,Chattanooga (SoCon),1.0,0-1,21.0,65.0,32.3,1.0,21-22
247,62.0,Georgia St. (Sun Belt),1.0,0-1,23.0,70.0,32.9,1.0,21-22
248,61.0,Colorado St. (Mountain West),1.0,0-1,23.0,65.0,35.4,1.0,21-22
249,60.0,Marquette (Big East),1.0,0-1,26.0,73.0,35.6,1.0,21-22
250,57.0,Iowa (Big Ten),1.0,0-1,24.0,66.0,36.4,1.0,21-22
251,56.0,Yale (Ivy League),1.0,0-1,23.0,63.0,36.5,1.0,21-22
252,54.0,LSU (SEC),1.0,0-1,17.0,46.0,37.0,1.0,21-22
253,51.0,A&M-Corpus Christi (Southland),1.0,0-1,25.0,67.0,37.3,1.0,21-22
254,50.0,Cal St. Fullerton (Big West),1.0,0-1,24.0,64.0,37.5,1.0,21-22
255,49.0,Montana St. (Big Sky),1.0,0-1,21.0,55.0,38.2,1.0,21-22
256,47.0,Longwood (Big South),1.0,0-1,20.0,52.0,38.5,1.0,21-22
257,44.0,South Dakota St. (Summit League),1.0,0-1,22.0,57.0,38.6,1.0,21-22
258,44.0,Colgate (Patriot),1.0,0-1,22.0,57.0,38.6,1.0,21-22
259,43.0,Akron (MAC),1.0,0-1,21.0,53.0,39.6,1.0,21-22
260,38.0,Alabama (SEC),1.0,0-1,26.0,64.0,40.6,1.0,21-22
261,31.0,San Diego St. (Mountain West),1.0,0-1,27.0,64.0,42.2,1.0,21-22
262,29.0,Kentucky (SEC),1.0,0-1,26.0,61.0,42.6,1.0,21-22
263,27.0,UConn (Big East),1.0,0-1,22.0,51.0,43.1,1.0,21-22
264,24.0,Wyoming (Mountain West),1.0,0-1,20.0,46.0,43.5,1.0,21-22
265,23.0,Bryant (NEC),1.0,0-1,31.0,71.0,43.7,1.0,21-22
266,21.0,Delaware (CAA),1.0,0-1,22.0,50.0,44.0,1.0,21-22
267,17.0,Vermont (America East),1.0,0-1,26.0,58.0,44.8,1.0,21-22
268,12.0,UAB (CUSA),1.0,0-1,26.0,56.0,46.4,1.0,21-22
269,8.0,San Francisco (WCC),1.0,0-1,32.0,68.0,47.1,1.0,21-22
270,7.0,Davidson (Atlantic 10),1.0,0-1,28.0,59.0,47.5,1.0,21-22
271,6.0,Southern California (Pac-12),1.0,0-1,24.0,50.0,48.0,1.0,21-22
272,5.0,Virginia Tech (ACC),1.0,0-1,23.0,47.0,48.9,1.0,21-22
273,2.0,Rutgers (Big Ten),1.0,0-1,36.0,71.0,50.7,1.0,21-22
274,11.0,Villanova (Big East),6.0,6-0,165.0,348.0,47.4,1.0,17-18
275,22.0,Michigan (Big Ten),6.0,5-1,149.0,332.0,44.9,1.0,17-18
276,18.0,Kansas (Big 12),5.0,4-1,141.0,308.0,45.8,1.0,17-18
277,5.0,Loyola Chicago (MVC),5.0,4-1,126.0,249.0,50.6,1.0,17-18
278,50.0,Kansas St. (Big 12),4.0,3-1,83.0,214.0,38.8,1.0,17-18
279,40.0,Syracuse (ACC),4.0,3-1,81.0,199.0,40.7,1.0,17-18
280,35.0,Florida St. (ACC),4.0,3-1,88.0,213.0,41.3,1.0,17-18
281,28.0,Texas Tech (Big 12),4.0,3-1,101.0,236.0,42.8,1.0,17-18
282,10.0,Duke (ACC),4.0,3-1,117.0,244.0,48.0,1.0,17-18
283,26.0,Gonzaga (WCC),3.0,2-1,76.0,176.0,43.2,1.0,17-18
284,23.0,Purdue (Big Ten),3.0,2-1,75.0,169.0,44.4,1.0,17-18
285,15.0,West Virginia (Big 12),3.0,2-1,92.0,198.0,46.5,1.0,17-18
286,12.0,Nevada (Mountain West),3.0,2-1,86.0,182.0,47.3,1.0,17-18
287,9.0,Clemson (ACC),3.0,2-1,90.0,185.0,48.6,1.0,17-18
288,7.0,Kentucky (SEC),3.0,2-1,78.0,157.0,49.7,1.0,17-18
289,6.0,Texas A&M (SEC),3.0,2-1,89.0,179.0,49.7,1.0,17-18
290,68.0,Auburn (SEC),2.0,1-1,38.0,125.0,30.4,1.0,17-18
291,58.0,St. Bonaventure (Atlantic 10),2.0,1-1,40.0,108.0,37.0,1.0,17-18
292,57.0,Houston (AAC),2.0,1-1,42.0,113.0,37.2,1.0,17-18
293,53.0,Texas Southern (SWAC),2.0,1-1,47.0,122.0,38.5,1.0,17-18
294,51.0,Michigan St. (Big Ten),2.0,1-1,48.0,124.0,38.7,1.0,17-18
295,48.0,Rhode Island (Atlantic 10),2.0,1-1,55.0,140.0,39.3,1.0,17-18
296,44.0,Cincinnati (AAC),2.0,1-1,51.0,128.0,39.8,1.0,17-18
297,42.0,Florida (SEC),2.0,1-1,52.0,128.0,40.6,1.0,17-18
298,41.0,Radford (Big South),2.0,1-1,48.0,118.0,40.7,1.0,17-18
299,36.0,North Carolina (ACC),2.0,1-1,57.0,138.0,41.3,1.0,17-18
300,36.0,Ohio St. (Big Ten),2.0,1-1,57.0,138.0,41.3,1.0,17-18
301,29.0,UMBC (America East),2.0,1-1,40.0,95.0,42.1,1.0,17-18
302,27.0,Marshall (CUSA),2.0,1-1,50.0,116.0,43.1,1.0,17-18
303,20.0,Tennessee (SEC),2.0,1-1,52.0,115.0,45.2,1.0,17-18
304,14.0,Buffalo (MAC),2.0,1-1,60.0,129.0,46.5,1.0,17-18
305,13.0,Seton Hall (Big East),2.0,1-1,57.0,122.0,46.7,1.0,17-18
306,8.0,Butler (Big East),2.0,1-1,56.0,114.0,49.1,1.0,17-18
307,3.0,Alabama (SEC),2.0,1-1,50.0,98.0,51.0,1.0,17-18
308,2.0,Xavier (Big East),2.0,1-1,58.0,113.0,51.3,1.0,17-18
309,67.0,N.C. Central (MEAC),1.0,0-1,21.0,69.0,30.4,1.0,17-18
310,66.0,Wright St. (Horizon),1.0,0-1,19.0,60.0,31.7,1.0,17-18
311,65.0,Montana (Big Sky),1.0,0-1,18.0,56.0,32.1,1.0,17-18
312,64.0,Missouri (SEC),1.0,0-1,16.0,49.0,32.7,1.0,17-18
313,63.0,Creighton (Big East),1.0,0-1,23.0,68.0,33.8,1.0,17-18
314,62.0,Arkansas (SEC),1.0,0-1,20.0,56.0,35.7,1.0,17-18
315,61.0,Lipscomb (ASUN),1.0,0-1,23.0,64.0,35.9,1.0,17-18
316,60.0,Cal St. Fullerton (Big West),1.0,0-1,18.0,50.0,36.0,1.0,17-18
317,58.0,San Diego St. (Mountain West),1.0,0-1,20.0,54.0,37.0,1.0,17-18
318,56.0,LIU (NEC),1.0,0-1,19.0,50.0,38.0,1.0,17-18
319,55.0,South Dakota St. (Summit League),1.0,0-1,24.0,63.0,38.1,1.0,17-18
320,54.0,SFA (Southland),1.0,0-1,18.0,47.0,38.3,1.0,17-18
321,51.0,New Mexico St. (WAC),1.0,0-1,24.0,62.0,38.7,1.0,17-18
322,48.0,Penn (Ivy League),1.0,0-1,22.0,56.0,39.3,1.0,17-18
323,47.0,Davidson (Atlantic 10),1.0,0-1,24.0,61.0,39.3,1.0,17-18
324,46.0,TCU (Big 12),1.0,0-1,19.0,48.0,39.6,1.0,17-18
325,45.0,Georgia St. (Sun Belt),1.0,0-1,21.0,53.0,39.6,1.0,17-18
326,43.0,Arizona St. (Pac-12),1.0,0-1,21.0,52.0,40.4,1.0,17-18
327,39.0,Virginia (ACC),1.0,0-1,23.0,56.0,41.1,1.0,17-18
328,38.0,Murray St. (OVC),1.0,0-1,21.0,51.0,41.2,1.0,17-18
329,34.0,Wichita St. (AAC),1.0,0-1,27.0,65.0,41.5,1.0,17-18
330,33.0,UNC Greensboro (SoCon),1.0,0-1,28.0,67.0,41.8,1.0,17-18
331,32.0,Bucknell (Patriot),1.0,0-1,23.0,55.0,41.8,1.0,17-18
332,31.0,UCLA (Pac-12),1.0,0-1,21.0,50.0,42.0,1.0,17-18
333,30.0,Oklahoma (Big 12),1.0,0-1,29.0,69.0,42.0,1.0,17-18
334,25.0,Iona (MAAC),1.0,0-1,26.0,60.0,43.3,1.0,17-18
335,24.0,Providence (Big East),1.0,0-1,27.0,62.0,43.5,1.0,17-18
336,21.0,Col. of Charleston (CAA),1.0,0-1,23.0,51.0,45.1,1.0,17-18
337,19.0,Arizona (Pac-12),1.0,0-1,29.0,64.0,45.3,1.0,17-18
338,17.0,NC State (ACC),1.0,0-1,28.0,61.0,45.9,1.0,17-18
339,16.0,Texas (Big 12),1.0,0-1,31.0,67.0,46.3,1.0,17-18
340,3.0,Miami (FL) (ACC),1.0,0-1,25.0,49.0,51.0,1.0,17-18
341,1.0,Virginia Tech (ACC),1.0,0-1,30.0,54.0,55.6,1.0,17-18
342,,,,,,,,,17-18
343,,,,,,,,,17-18
344,7.0,UConn (Big East),6.0,6-0,188.0,373.0,50.4,1.0,23-24
345,8.0,Purdue (Big Ten),6.0,5-1,168.0,345.0,48.7,1.0,23-24
346,22.0,NC State (ACC),5.0,4-1,131.0,290.0,45.2,1.0,23-24
347,14.0,Alabama (SEC),5.0,4-1,147.0,312.0,47.1,1.0,23-24
348,41.0,Tennessee (SEC),4.0,3-1,101.0,247.0,40.9,1.0,23-24
349,36.0,Duke (ACC),4.0,3-1,91.0,216.0,42.1,1.0,23-24
350,25.0,Illinois (Big Ten),4.0,3-1,108.0,242.0,44.6,1.0,23-24
351,12.0,Clemson (ACC),4.0,3-1,113.0,238.0,47.5,1.0,23-24
352,31.0,Arizona (Pac-12),3.0,2-1,83.0,192.0,43.2,1.0,23-24
353,26.0,San Diego St. (Mountain West),3.0,2-1,74.0,168.0,44.0,1.0,23-24
354,21.0,Creighton (Big East),3.0,2-1,81.0,179.0,45.3,1.0,23-24
355,18.0,Iowa St. (Big 12),3.0,2-1,79.0,172.0,45.9,1.0,23-24
356,17.0,North Carolina (ACC),3.0,2-1,91.0,198.0,46.0,1.0,23-24
357,13.0,Marquette (Big East),3.0,2-1,87.0,184.0,47.3,1.0,23-24
358,6.0,Houston (Big 12),3.0,2-1,85.0,168.0,50.6,1.0,23-24
359,4.0,Colorado (Pac-12),3.0,2-1,86.0,168.0,51.2,1.0,23-24
360,1.0,Gonzaga (WCC),3.0,2-1,95.0,177.0,53.7,1.0,23-24
361,58.0,Grand Canyon (WAC),2.0,1-1,39.0,105.0,37.1,1.0,23-24
362,54.0,Texas (Big 12),2.0,1-1,42.0,110.0,38.2,1.0,23-24
363,47.0,Oakland (Horizon),2.0,1-1,51.0,131.0,38.9,1.0,23-24
364,46.0,James Madison (Sun Belt),2.0,1-1,42.0,106.0,39.6,1.0,23-24
365,45.0,Northwestern (Big Ten),2.0,1-1,51.0,128.0,39.8,1.0,23-24
366,43.0,Washington St. (Pac-12),2.0,1-1,43.0,106.0,40.6,1.0,23-24
367,40.0,Colorado St. (Mountain West),2.0,1-1,43.0,105.0,41.0,1.0,23-24
368,37.0,Yale (Ivy League),2.0,1-1,44.0,106.0,41.5,1.0,23-24
369,33.0,Dayton (Atlantic 10),2.0,1-1,45.0,105.0,42.9,1.0,23-24
370,29.0,Duquesne (Atlantic 10),2.0,1-1,51.0,117.0,43.6,1.0,23-24
371,28.0,Grambling (SWAC),2.0,1-1,53.0,121.0,43.8,1.0,23-24
372,27.0,Texas A&M (SEC),2.0,1-1,64.0,146.0,43.8,1.0,23-24
373,23.0,Utah St. (Mountain West),2.0,1-1,56.0,124.0,45.2,1.0,23-24
374,16.0,Wagner (NEC),2.0,1-1,52.0,113.0,46.0,1.0,23-24
375,15.0,Michigan St. (Big Ten),2.0,1-1,53.0,113.0,46.9,1.0,23-24
376,11.0,Oregon (Pac-12),2.0,1-1,59.0,124.0,47.6,1.0,23-24
377,10.0,Kansas (Big 12),2.0,1-1,62.0,128.0,48.4,1.0,23-24
378,9.0,Baylor (Big 12),2.0,1-1,54.0,111.0,48.6,1.0,23-24
379,68.0,Virginia (ACC),1.0,0-1,14.0,56.0,25.0,1.0,23-24
380,67.0,Saint Peter's (MAAC),1.0,0-1,16.0,55.0,29.1,1.0,23-24
381,66.0,New Mexico (Mountain West),1.0,0-1,19.0,64.0,29.7,1.0,23-24
382,65.0,Stetson (ASUN),1.0,0-1,17.0,55.0,30.9,1.0,23-24
383,63.0,McNeese (Southland),1.0,0-1,23.0,69.0,33.3,1.0,23-24
384,63.0,Long Beach St. (Big West),1.0,0-1,24.0,72.0,33.3,1.0,23-24
385,62.0,Longwood (Big South),1.0,0-1,14.0,41.0,34.1,1.0,23-24
386,61.0,Boise St. (Mountain West),1.0,0-1,23.0,67.0,34.3,1.0,23-24
387,60.0,TCU (Big 12),1.0,0-1,24.0,67.0,35.8,1.0,23-24
388,59.0,Mississippi St. (SEC),1.0,0-1,20.0,54.0,37.0,1.0,23-24
389,57.0,Wisconsin (Big Ten),1.0,0-1,19.0,51.0,37.3,1.0,23-24
390,56.0,UAB (AAC),1.0,0-1,20.0,53.0,37.7,1.0,23-24
391,55.0,Akron (MAC),1.0,0-1,25.0,66.0,37.9,1.0,23-24
392,53.0,Vermont (America East),1.0,0-1,20.0,52.0,38.5,1.0,23-24
393,50.0,Howard (MEAC),1.0,0-1,22.0,57.0,38.6,1.0,23-24
394,50.0,Fla. Atlantic (AAC),1.0,0-1,22.0,57.0,38.6,1.0,23-24
395,50.0,BYU (Big 12),1.0,0-1,22.0,57.0,38.6,1.0,23-24
396,49.0,Texas Tech (Big 12),1.0,0-1,24.0,62.0,38.7,1.0,23-24
397,48.0,Saint Mary's (CA) (WCC),1.0,0-1,26.0,67.0,38.8,1.0,23-24
398,44.0,Morehead St. (OVC),1.0,0-1,26.0,65.0,40.0,1.0,23-24
399,42.0,Western Ky. (CUSA),1.0,0-1,28.0,69.0,40.6,1.0,23-24
400,39.0,Col. of Charleston (CAA),1.0,0-1,32.0,78.0,41.0,1.0,23-24
401,38.0,Samford (SoCon),1.0,0-1,30.0,73.0,41.1,1.0,23-24
402,35.0,Drake (MVC),1.0,0-1,25.0,59.0,42.4,1.0,23-24
403,34.0,Kentucky (SEC),1.0,0-1,26.0,61.0,42.6,1.0,23-24
404,32.0,Nevada (Mountain West),1.0,0-1,25.0,58.0,43.1,1.0,23-24
405,30.0,South Dakota St. (Summit League),1.0,0-1,23.0,53.0,43.4,1.0,23-24
406,24.0,South Carolina (SEC),1.0,0-1,25.0,56.0,44.6,1.0,23-24
407,20.0,Colgate (Patriot),1.0,0-1,26.0,57.0,45.6,1.0,23-24
408,19.0,Nebraska (Big Ten),1.0,0-1,27.0,59.0,45.8,1.0,23-24
409,5.0,Auburn (SEC),1.0,0-1,27.0,53.0,50.9,1.0,23-24
410,3.0,Florida (SEC),1.0,0-1,35.0,68.0,51.5,1.0,23-24
411,2.0,Montana St. (Big Sky),1.0,0-1,30.0,58.0,51.7,1.0,23-24
412,,,,,,,,,23-24
413,4.0,Duke (ACC),6.0,6-0,155.0,311.0,49.8,1.0,14-15
414,14.0,Wisconsin (Big Ten),6.0,5-1,154.0,322.0,47.8,1.0,14-15
415,36.0,Michigan St. (Big Ten),5.0,4-1,113.0,269.0,42.0,1.0,14-15
416,22.0,Kentucky (SEC),5.0,4-1,123.0,266.0,46.2,1.0,14-15
417,33.0,Louisville (ACC),4.0,3-1,95.0,221.0,43.0,1.0,14-15
418,17.0,Arizona (Pac-12),4.0,3-1,101.0,213.0,47.4,1.0,14-15
419,7.0,Gonzaga (WCC),4.0,3-1,111.0,227.0,48.9,1.0,14-15
420,2.0,Notre Dame (ACC),4.0,3-1,105.0,208.0,50.5,1.0,14-15
421,58.0,West Virginia (Big 12),3.0,2-1,59.0,163.0,36.2,1.0,14-15
422,38.0,Oklahoma (Big 12),3.0,2-1,67.0,161.0,41.6,1.0,14-15
423,37.0,NC State (ACC),3.0,2-1,75.0,179.0,41.9,1.0,14-15
424,34.0,Wichita St. (MVC),3.0,2-1,76.0,177.0,42.9,1.0,14-15
425,29.0,Dayton (Atlantic 10),3.0,2-1,60.0,135.0,44.4,1.0,14-15
426,28.0,Utah (Pac-12),3.0,2-1,61.0,136.0,44.9,1.0,14-15
427,19.0,UCLA (Pac-12),3.0,2-1,81.0,172.0,47.1,1.0,14-15
428,9.0,North Carolina (ACC),3.0,2-1,80.0,165.0,48.5,1.0,14-15
429,3.0,Xavier (Big East),3.0,2-1,71.0,141.0,50.4,1.0,14-15
430,64.0,Butler (Big East),2.0,1-1,37.0,111.0,33.3,1.0,14-15
431,57.0,Cincinnati (AAC),2.0,1-1,45.0,124.0,36.3,1.0,14-15
432,52.0,Virginia (ACC),2.0,1-1,43.0,114.0,37.7,1.0,14-15
433,48.0,Hampton (MEAC),2.0,1-1,43.0,112.0,38.4,1.0,14-15
434,47.0,Ole Miss (SEC),2.0,1-1,60.0,153.0,39.2,1.0,14-15
435,46.0,UAB (CUSA),2.0,1-1,53.0,135.0,39.3,1.0,14-15
436,45.0,San Diego St. (Mountain West),2.0,1-1,44.0,111.0,39.6,1.0,14-15
437,41.0,Robert Morris (NEC),2.0,1-1,52.0,128.0,40.6,1.0,14-15
438,39.0,Arkansas (SEC),2.0,1-1,46.0,113.0,40.7,1.0,14-15
439,35.0,UNI (MVC),2.0,1-1,41.0,96.0,42.7,1.0,14-15
440,32.0,Kansas (Big 12),2.0,1-1,47.0,107.0,43.9,1.0,14-15
441,31.0,Ohio St. (Big Ten),2.0,1-1,48.0,109.0,44.0,1.0,14-15
442,21.0,Villanova (Big East),2.0,1-1,55.0,118.0,46.6,1.0,14-15
443,16.0,Georgetown (Big East),2.0,1-1,49.0,103.0,47.6,1.0,14-15
444,15.0,Maryland (Big Ten),2.0,1-1,40.0,84.0,47.6,1.0,14-15
445,13.0,Georgia St. (Sun Belt),2.0,1-1,48.0,100.0,48.0,1.0,14-15
446,8.0,Iowa (Big Ten),2.0,1-1,63.0,129.0,48.8,1.0,14-15
447,5.0,Oregon (Pac-12),2.0,1-1,55.0,112.0,49.1,1.0,14-15
448,68.0,Wofford (SoCon),1.0,0-1,18.0,57.0,31.6,1.0,14-15
449,64.0,SFA (Southland),1.0,0-1,17.0,51.0,33.3,1.0,14-15
450,64.0,Georgia (SEC),1.0,0-1,19.0,57.0,33.3,1.0,14-15
451,64.0,Davidson (Atlantic 10),1.0,0-1,21.0,63.0,33.3,1.0,14-15
452,63.0,Providence (Big East),1.0,0-1,20.0,59.0,33.9,1.0,14-15
453,62.0,Texas (Big 12),1.0,0-1,17.0,50.0,34.0,1.0,14-15
454,60.0,New Mexico St. (WAC),1.0,0-1,20.0,56.0,35.7,1.0,14-15
455,60.0,Valparaiso (Horizon),1.0,0-1,20.0,56.0,35.7,1.0,14-15
456,59.0,Purdue (Big Ten),1.0,0-1,26.0,72.0,36.1,1.0,14-15
457,56.0,SMU (AAC),1.0,0-1,20.0,55.0,36.4,1.0,14-15
458,55.0,Iowa St. (Big 12),1.0,0-1,24.0,65.0,36.9,1.0,14-15
459,54.0,Manhattan (MAAC),1.0,0-1,23.0,62.0,37.1,1.0,14-15
460,53.0,UAlbany (America East),1.0,0-1,23.0,61.0,37.7,1.0,14-15
461,51.0,VCU (Atlantic 10),1.0,0-1,24.0,63.0,38.1,1.0,14-15
462,49.0,Lafayette (Patriot),1.0,0-1,21.0,55.0,38.2,1.0,14-15
463,49.0,Harvard (Ivy League),1.0,0-1,21.0,55.0,38.2,1.0,14-15
464,43.0,Boise St. (Mountain West),1.0,0-1,22.0,55.0,40.0,1.0,14-15
465,43.0,LSU (SEC),1.0,0-1,24.0,60.0,40.0,1.0,14-15
466,41.0,Eastern Wash. (Big Sky),1.0,0-1,26.0,64.0,40.6,1.0,14-15
467,40.0,Indiana (Big Ten),1.0,0-1,24.0,59.0,40.7,1.0,14-15
468,30.0,Baylor (Big 12),1.0,0-1,19.0,43.0,44.2,1.0,14-15
469,27.0,Oklahoma St. (Big 12),1.0,0-1,27.0,60.0,45.0,1.0,14-15
470,26.0,Buffalo (MAC),1.0,0-1,20.0,44.0,45.5,1.0,14-15
471,25.0,Wyoming (Mountain West),1.0,0-1,21.0,46.0,45.7,1.0,14-15
472,24.0,St. John's (NY) (Big East),1.0,0-1,27.0,59.0,45.8,1.0,14-15
473,23.0,UC Irvine (Big West),1.0,0-1,24.0,52.0,46.2,1.0,14-15
474,20.0,Texas Southern (SWAC),1.0,0-1,24.0,51.0,47.1,1.0,14-15
475,18.0,Belmont (OVC),1.0,0-1,27.0,57.0,47.4,1.0,14-15
476,12.0,North Florida (ASUN),1.0,0-1,25.0,52.0,48.1,1.0,14-15
477,10.0,BYU (WCC),1.0,0-1,28.0,58.0,48.3,1.0,14-15
478,10.0,Coastal Carolina (Big South),1.0,0-1,28.0,58.0,48.3,1.0,14-15
479,6.0,Northeastern (CAA),1.0,0-1,27.0,55.0,49.1,1.0,14-15
480,1.0,North Dakota St. (Summit League),1.0,0-1,29.0,54.0,53.7,1.0,14-15
481,,,,,,,,,14-15
482,6.0,UConn (Big East),6.0,6-0,171.0,352.0,48.6,1.0,22-23
483,40.0,San Diego St. (Mountain West),6.0,5-1,148.0,365.0,40.5,1.0,22-23
484,30.0,Fla. Atlantic (CUSA),5.0,4-1,124.0,292.0,42.5,1.0,22-23
485,22.0,Miami (FL) (ACC),5.0,4-1,131.0,297.0,44.1,1.0,22-23
486,19.0,Gonzaga (WCC),4.0,3-1,112.0,247.0,45.3,1.0,22-23
487,9.0,Creighton (Big East),4.0,3-1,106.0,221.0,48.0,1.0,22-23
488,3.0,Texas (Big 12),4.0,3-1,124.0,240.0,51.7,1.0,22-23
489,2.0,Kansas St. (Big 12),4.0,3-1,123.0,235.0,52.3,1.0,22-23
490,57.0,Arkansas (SEC),3.0,2-1,68.0,184.0,37.0,1.0,22-23
491,54.0,Pittsburgh (ACC),3.0,2-1,62.0,165.0,37.6,1.0,22-23
492,48.0,Tennessee (SEC),3.0,2-1,65.0,166.0,39.2,1.0,22-23
493,46.0,Alabama (SEC),3.0,2-1,79.0,199.0,39.7,1.0,22-23
494,38.0,FDU (NEC),3.0,2-1,74.0,179.0,41.3,1.0,22-23
495,32.0,Houston (AAC),3.0,2-1,74.0,175.0,42.3,1.0,22-23
496,24.0,Princeton (Ivy League),3.0,2-1,83.0,191.0,43.5,1.0,22-23
497,16.0,Xavier (Big East),3.0,2-1,82.0,179.0,45.8,1.0,22-23
498,11.0,Michigan St. (Big Ten),3.0,2-1,81.0,171.0,47.4,1.0,22-23
499,7.0,UCLA (Pac-12),3.0,2-1,84.0,174.0,48.3,1.0,22-23
500,61.0,Furman (SoCon),2.0,1-1,38.0,106.0,35.8,1.0,22-23
501,59.0,A&M-Corpus Christi (Southland),2.0,1-1,48.0,132.0,36.4,1.0,22-23
502,49.0,Kentucky (SEC),2.0,1-1,49.0,126.0,38.9,1.0,22-23
503,45.0,Saint Mary's (CA) (WCC),2.0,1-1,39.0,98.0,39.8,1.0,22-23
504,41.0,TCU (Big 12),2.0,1-1,52.0,129.0,40.3,1.0,22-23
505,33.0,Auburn (SEC),2.0,1-1,49.0,116.0,42.2,1.0,22-23
506,31.0,Maryland (Big Ten),2.0,1-1,42.0,99.0,42.4,1.0,22-23
507,29.0,Northwestern (Big Ten),2.0,1-1,48.0,112.0,42.9,1.0,22-23
508,23.0,Indiana (Big Ten),2.0,1-1,55.0,125.0,44.0,1.0,22-23
509,20.0,Penn St. (Big Ten),2.0,1-1,52.0,116.0,44.8,1.0,22-23
510,18.0,Marquette (Big East),2.0,1-1,49.0,108.0,45.4,1.0,22-23
511,17.0,Missouri (SEC),2.0,1-1,52.0,114.0,45.6,1.0,22-23
512,15.0,Duke (ACC),2.0,1-1,52.0,113.0,46.0,1.0,22-23
513,5.0,Baylor (Big 12),2.0,1-1,57.0,114.0,50.0,1.0,22-23
514,4.0,Kansas (Big 12),2.0,1-1,62.0,123.0,50.4,1.0,22-23
515,1.0,Arizona St. (Pac-12),2.0,1-1,60.0,107.0,56.1,1.0,22-23
516,68.0,Iowa St. (Big 12),1.0,0-1,14.0,60.0,23.3,1.0,22-23
517,67.0,Northern Ky. (Horizon),1.0,0-1,19.0,69.0,27.5,1.0,22-23
518,66.0,Oral Roberts (Summit League),1.0,0-1,19.0,63.0,30.2,1.0,22-23
519,65.0,Kent St. (MAC),1.0,0-1,22.0,69.0,31.9,1.0,22-23
520,64.0,Col. of Charleston (CAA),1.0,0-1,18.0,56.0,32.1,1.0,22-23
521,63.0,Texas A&M (SEC),1.0,0-1,20.0,59.0,33.9,1.0,22-23
522,61.0,Purdue (Big Ten),1.0,0-1,19.0,53.0,35.8,1.0,22-23
523,60.0,Providence (Big East),1.0,0-1,21.0,58.0,36.2,1.0,22-23
524,58.0,VCU (Atlantic 10),1.0,0-1,18.0,49.0,36.7,1.0,22-23
525,56.0,UNC Asheville (Big South),1.0,0-1,19.0,51.0,37.3,1.0,22-23
526,55.0,NC State (ACC),1.0,0-1,24.0,64.0,37.5,1.0,22-23
527,53.0,Mississippi St. (SEC),1.0,0-1,24.0,63.0,38.1,1.0,22-23
528,52.0,Illinois (Big Ten),1.0,0-1,20.0,52.0,38.5,1.0,22-23
529,51.0,Iona (MAAC),1.0,0-1,22.0,57.0,38.6,1.0,22-23
530,50.0,Howard (MEAC),1.0,0-1,26.0,67.0,38.8,1.0,22-23
531,47.0,West Virginia (Big 12),1.0,0-1,22.0,56.0,39.3,1.0,22-23
532,42.0,Louisiana (Sun Belt),1.0,0-1,22.0,55.0,40.0,1.0,22-23
533,42.0,Drake (MVC),1.0,0-1,22.0,55.0,40.0,1.0,22-23
534,42.0,Boise St. (Mountain West),1.0,0-1,26.0,65.0,40.0,1.0,22-23
535,39.0,Iowa (Big Ten),1.0,0-1,28.0,68.0,41.2,1.0,22-23
536,37.0,Southern California (Pac-12),1.0,0-1,24.0,58.0,41.4,1.0,22-23
537,36.0,Texas Southern (SWAC),1.0,0-1,26.0,62.0,41.9,1.0,22-23
538,35.0,Arizona (Pac-12),1.0,0-1,24.0,57.0,42.1,1.0,22-23
539,34.0,Kennesaw St. (ASUN),1.0,0-1,27.0,64.0,42.2,1.0,22-23
540,28.0,Grand Canyon (WAC),1.0,0-1,28.0,65.0,43.1,1.0,22-23
541,26.0,Memphis (AAC),1.0,0-1,25.0,58.0,43.1,1.0,22-23
542,26.0,Colgate (Patriot),1.0,0-1,25.0,58.0,43.1,1.0,22-23
543,25.0,Vermont (America East),1.0,0-1,23.0,53.0,43.4,1.0,22-23
544,21.0,Virginia (ACC),1.0,0-1,24.0,54.0,44.4,1.0,22-23
545,14.0,Montana St. (Big Sky),1.0,0-1,25.0,54.0,46.3,1.0,22-23
546,13.0,UC Santa Barbara (Big West),1.0,0-1,23.0,49.0,46.9,1.0,22-23
547,11.0,Southeast Mo. St. (OVC),1.0,0-1,27.0,57.0,47.4,1.0,22-23
548,10.0,Utah St. (Mountain West),1.0,0-1,28.0,59.0,47.5,1.0,22-23
549,8.0,Nevada (Mountain West),1.0,0-1,25.0,52.0,48.1,1.0,22-23
550,,,,,,,,,22-23
551,,,,,,,,,22-23
552,20.0,Virginia (ACC),6.0,6-0,154.0,341.0,45.2,1.0,18-19
553,19.0,Texas Tech (Big 12),6.0,5-1,153.0,335.0,45.7,1.0,18-19
554,23.0,Michigan St. (Big Ten),5.0,4-1,127.0,286.0,44.4,1.0,18-19
555,17.0,Auburn (SEC),5.0,4-1,141.0,304.0,46.4,1.0,18-19
556,14.0,Kentucky (SEC),4.0,3-1,100.0,215.0,46.5,1.0,18-19
557,9.0,Gonzaga (WCC),4.0,3-1,115.0,242.0,47.5,1.0,18-19
558,4.0,Purdue (Big Ten),4.0,3-1,110.0,225.0,48.9,1.0,18-19
559,3.0,Duke (ACC),4.0,3-1,120.0,245.0,49.0,1.0,18-19
560,46.0,LSU (SEC),3.0,2-1,76.0,187.0,40.6,1.0,18-19
561,43.0,Virginia Tech (ACC),3.0,2-1,69.0,167.0,41.3,1.0,18-19
562,42.0,Michigan (Big Ten),3.0,2-1,65.0,157.0,41.4,1.0,18-19
563,30.0,Florida St. (ACC),3.0,2-1,81.0,187.0,43.3,1.0,18-19
564,18.0,Houston (AAC),3.0,2-1,80.0,173.0,46.2,1.0,18-19
565,15.0,Oregon (Pac-12),3.0,2-1,72.0,155.0,46.5,1.0,18-19
566,11.0,North Carolina (ACC),3.0,2-1,95.0,203.0,46.8,1.0,18-19
567,7.0,Tennessee (SEC),3.0,2-1,92.0,192.0,47.9,1.0,18-19
568,53.0,Maryland (Big Ten),2.0,1-1,51.0,132.0,38.6,1.0,18-19
569,52.0,Ohio St. (Big Ten),2.0,1-1,42.0,107.0,39.3,1.0,18-19
570,50.0,Florida (SEC),2.0,1-1,43.0,108.0,39.8,1.0,18-19
571,48.0,Minnesota (Big Ten),2.0,1-1,47.0,117.0,40.2,1.0,18-19
572,45.0,Villanova (Big East),2.0,1-1,44.0,107.0,41.1,1.0,18-19
573,41.0,UC Irvine (Big West),2.0,1-1,42.0,101.0,41.6,1.0,18-19
574,39.0,North Dakota St. (Summit League),2.0,1-1,46.0,110.0,41.8,1.0,18-19
575,36.0,Liberty (ASUN),2.0,1-1,42.0,99.0,42.4,1.0,18-19
576,35.0,Wofford (SoCon),2.0,1-1,47.0,110.0,42.7,1.0,18-19
577,34.0,Murray St. (OVC),2.0,1-1,50.0,117.0,42.7,1.0,18-19
578,33.0,FDU (NEC),2.0,1-1,45.0,105.0,42.9,1.0,18-19
579,31.0,Washington (Pac-12),2.0,1-1,48.0,111.0,43.2,1.0,18-19
580,25.0,Arizona St. (Pac-12),2.0,1-1,48.0,109.0,44.0,1.0,18-19
581,21.0,Buffalo (MAC),2.0,1-1,50.0,112.0,44.6,1.0,18-19
582,16.0,Iowa (Big Ten),2.0,1-1,52.0,112.0,46.4,1.0,18-19
583,13.0,Belmont (OVC),2.0,1-1,55.0,118.0,46.6,1.0,18-19
584,10.0,Baylor (Big 12),2.0,1-1,53.0,112.0,47.3,1.0,18-19
585,8.0,Oklahoma (Big 12),2.0,1-1,53.0,111.0,47.7,1.0,18-19
586,5.0,UCF (AAC),2.0,1-1,54.0,111.0,48.6,1.0,18-19
587,1.0,Kansas (Big 12),2.0,1-1,61.0,120.0,50.8,1.0,18-19
588,68.0,Old Dominion (CUSA),1.0,0-1,18.0,67.0,26.9,1.0,18-19
589,67.0,Northeastern (CAA),1.0,0-1,16.0,57.0,28.1,1.0,18-19
590,66.0,Georgia St. (Sun Belt),1.0,0-1,18.0,60.0,30.0,1.0,18-19
591,65.0,VCU (Atlantic 10),1.0,0-1,19.0,61.0,31.1,1.0,18-19
592,64.0,St. John's (NY) (Big East),1.0,0-1,22.0,69.0,31.9,1.0,18-19
593,63.0,Abilene Christian (Southland),1.0,0-1,17.0,53.0,32.1,1.0,18-19
594,62.0,Marquette (Big East),1.0,0-1,24.0,74.0,32.4,1.0,18-19
595,60.0,Montana (Big Sky),1.0,0-1,20.0,60.0,33.3,1.0,18-19
596,60.0,Wisconsin (Big Ten),1.0,0-1,20.0,60.0,33.3,1.0,18-19
597,59.0,Nevada (Mountain West),1.0,0-1,19.0,55.0,34.5,1.0,18-19
598,58.0,Utah St. (Mountain West),1.0,0-1,19.0,54.0,35.2,1.0,18-19
599,57.0,Saint Louis (Atlantic 10),1.0,0-1,19.0,52.0,36.5,1.0,18-19
600,56.0,Northern Ky. (Horizon),1.0,0-1,23.0,62.0,37.1,1.0,18-19
601,55.0,Kansas St. (Big 12),1.0,0-1,22.0,59.0,37.3,1.0,18-19
602,54.0,Yale (Ivy League),1.0,0-1,27.0,72.0,37.5,1.0,18-19
603,51.0,Temple (AAC),1.0,0-1,28.0,71.0,39.4,1.0,18-19
604,49.0,Iona (MAAC),1.0,0-1,22.0,55.0,40.0,1.0,18-19
605,47.0,Seton Hall (Big East),1.0,0-1,25.0,62.0,40.3,1.0,18-19
606,44.0,Syracuse (ACC),1.0,0-1,21.0,51.0,41.2,1.0,18-19
607,39.0,Saint Mary's (CA) (WCC),1.0,0-1,23.0,55.0,41.8,1.0,18-19
608,38.0,N.C. Central (MEAC),1.0,0-1,24.0,57.0,42.1,1.0,18-19
609,37.0,Bradley (MVC),1.0,0-1,22.0,52.0,42.3,1.0,18-19
610,32.0,Cincinnati (AAC),1.0,0-1,28.0,65.0,43.1,1.0,18-19
611,28.0,Vermont (America East),1.0,0-1,23.0,53.0,43.4,1.0,18-19
612,28.0,Iowa St. (Big 12),1.0,0-1,23.0,53.0,43.4,1.0,18-19
613,27.0,Prairie View (SWAC),1.0,0-1,28.0,64.0,43.8,1.0,18-19
614,26.0,Gardner-Webb (Big South),1.0,0-1,22.0,50.0,44.0,1.0,18-19
615,24.0,Louisville (ACC),1.0,0-1,26.0,59.0,44.1,1.0,18-19
616,21.0,Colgate (Patriot),1.0,0-1,25.0,56.0,44.6,1.0,18-19
617,12.0,Ole Miss (SEC),1.0,0-1,29.0,62.0,46.8,1.0,18-19
618,6.0,Mississippi St. (SEC),1.0,0-1,25.0,52.0,48.1,1.0,18-19
619,2.0,New Mexico St. (WAC),1.0,0-1,25.0,51.0,49.0,1.0,18-19
620,,,,,,,,,18-19
621,,,,,,,,,18-19
622,1.0,Villanova (Big East),6.0,6-0,181.0,311.0,58.2,1.0,15-16
623,11.0,North Carolina (ACC),6.0,5-1,188.0,374.0,50.3,1.0,15-16
624,42.0,Syracuse (ACC),5.0,4-1,118.0,286.0,41.3,1.0,15-16
625,26.0,Oklahoma (Big 12),5.0,4-1,134.0,297.0,45.1,1.0,15-16
626,22.0,Oregon (Pac-12),4.0,3-1,108.0,233.0,46.4,1.0,15-16
627,12.0,Kansas (Big 12),4.0,3-1,116.0,233.0,49.8,1.0,15-16
628,6.0,Notre Dame (ACC),4.0,3-1,103.0,198.0,52.0,1.0,15-16
629,5.0,Virginia (ACC),4.0,3-1,115.0,220.0,52.3,1.0,15-16
630,59.0,Wichita St. (MVC),3.0,2-1,66.0,177.0,37.3,1.0,15-16
631,55.0,Wisconsin (Big Ten),3.0,2-1,65.0,169.0,38.5,1.0,15-16
632,33.0,Texas A&M (SEC),3.0,2-1,85.0,192.0,44.3,1.0,15-16
633,25.0,Maryland (Big Ten),3.0,2-1,67.0,148.0,45.3,1.0,15-16
634,17.0,Gonzaga (WCC),3.0,2-1,82.0,172.0,47.7,1.0,15-16
635,16.0,Duke (ACC),3.0,2-1,78.0,163.0,47.9,1.0,15-16
636,10.0,Miami (FL) (ACC),3.0,2-1,70.0,139.0,50.4,1.0,15-16
637,8.0,Indiana (Big Ten),3.0,2-1,87.0,170.0,51.2,1.0,15-16
638,4.0,Iowa St. (Big 12),3.0,2-1,89.0,169.0,52.7,1.0,15-16
639,61.0,UConn (AAC),2.0,1-1,44.0,120.0,36.7,1.0,15-16
640,56.0,Little Rock (Sun Belt),2.0,1-1,50.0,131.0,38.2,1.0,15-16
641,53.0,SFA (Southland),2.0,1-1,46.0,119.0,38.7,1.0,15-16
642,50.0,Iowa (Big Ten),2.0,1-1,51.0,129.0,39.5,1.0,15-16
643,49.0,Holy Cross (Patriot),2.0,1-1,38.0,95.0,40.0,1.0,15-16
644,48.0,Michigan (Big Ten),2.0,1-1,49.0,122.0,40.2,1.0,15-16
645,47.0,Providence (Big East),2.0,1-1,48.0,119.0,40.3,1.0,15-16
646,44.0,Hawaii (Big West),2.0,1-1,50.0,122.0,41.0,1.0,15-16
647,38.0,Middle Tenn. (CUSA),2.0,1-1,52.0,123.0,42.3,1.0,15-16
648,37.0,UNI (MVC),2.0,1-1,48.0,112.0,42.9,1.0,15-16
649,36.0,Saint Joseph's (Atlantic 10),2.0,1-1,50.0,115.0,43.5,1.0,15-16
650,30.0,Yale (Ivy League),2.0,1-1,51.0,114.0,44.7,1.0,15-16
651,28.0,Xavier (Big East),2.0,1-1,52.0,116.0,44.8,1.0,15-16
652,21.0,VCU (Atlantic 10),2.0,1-1,57.0,122.0,46.7,1.0,15-16
653,19.0,Kentucky (SEC),2.0,1-1,57.0,120.0,47.5,1.0,15-16
654,18.0,Butler (Big East),2.0,1-1,50.0,105.0,47.6,1.0,15-16
655,15.0,Utah (Pac-12),2.0,1-1,49.0,102.0,48.0,1.0,15-16
656,7.0,FGCU (ASUN),2.0,1-1,59.0,115.0,51.3,1.0,15-16
657,68.0,Stony Brook (America East),1.0,0-1,20.0,76.0,26.3,1.0,15-16
658,67.0,Vanderbilt (SEC),1.0,0-1,16.0,53.0,30.2,1.0,15-16
659,66.0,Hampton (MEAC),1.0,0-1,17.0,56.0,30.4,1.0,15-16
660,65.0,West Virginia (Big 12),1.0,0-1,16.0,52.0,30.8,1.0,15-16
661,64.0,Dayton (Atlantic 10),1.0,0-1,18.0,56.0,32.1,1.0,15-16
662,63.0,Seton Hall (Big East),1.0,0-1,20.0,62.0,32.3,1.0,15-16
663,62.0,FDU (NEC),1.0,0-1,23.0,70.0,32.9,1.0,15-16
664,60.0,UNC Asheville (Big South),1.0,0-1,21.0,57.0,36.8,1.0,15-16
665,57.0,Pittsburgh (ACC),1.0,0-1,18.0,48.0,37.5,1.0,15-16
666,57.0,Green Bay (Horizon),1.0,0-1,21.0,56.0,37.5,1.0,15-16
667,54.0,Weber St. (Big Sky),1.0,0-1,22.0,57.0,38.6,1.0,15-16
668,52.0,Buffalo (MAC),1.0,0-1,23.0,59.0,39.0,1.0,15-16
669,51.0,Southern U. (SWAC),1.0,0-1,22.0,56.0,39.3,1.0,15-16
670,46.0,South Dakota St. (Summit League),1.0,0-1,24.0,59.0,40.7,1.0,15-16
671,44.0,Austin Peay (OVC),1.0,0-1,25.0,61.0,41.0,1.0,15-16
672,43.0,California (Pac-12),1.0,0-1,23.0,56.0,41.1,1.0,15-16
673,40.0,Arizona (Pac-12),1.0,0-1,20.0,48.0,41.7,1.0,15-16
674,40.0,Oregon St. (Pac-12),1.0,0-1,25.0,60.0,41.7,1.0,15-16
675,39.0,Purdue (Big Ten),1.0,0-1,26.0,62.0,41.9,1.0,15-16
676,34.0,UNCW (CAA),1.0,0-1,30.0,68.0,44.1,1.0,15-16
677,34.0,Baylor (Big 12),1.0,0-1,30.0,68.0,44.1,1.0,15-16
678,31.0,Texas (Big 12),1.0,0-1,25.0,56.0,44.6,1.0,15-16
679,31.0,Tulsa (AAC),1.0,0-1,25.0,56.0,44.6,1.0,15-16
680,28.0,CSU Bakersfield (WAC),1.0,0-1,26.0,58.0,44.8,1.0,15-16
681,27.0,Colorado (Pac-12),1.0,0-1,23.0,51.0,45.1,1.0,15-16
682,24.0,Temple (AAC),1.0,0-1,30.0,66.0,45.5,1.0,15-16
683,23.0,Texas Tech (Big 12),1.0,0-1,25.0,54.0,46.3,1.0,15-16
684,20.0,Chattanooga (SoCon),1.0,0-1,28.0,59.0,47.5,1.0,15-16
685,14.0,Iona (MAAC),1.0,0-1,31.0,64.0,48.4,1.0,15-16
686,13.0,Fresno St. (Mountain West),1.0,0-1,26.0,53.0,49.1,1.0,15-16
687,9.0,Cincinnati (AAC),1.0,0-1,28.0,55.0,50.9,1.0,15-16
688,3.0,Southern California (Pac-12),1.0,0-1,28.0,52.0,53.8,1.0,15-16
689,2.0,Michigan St. (Big Ten),1.0,0-1,30.0,54.0,55.6,1.0,15-16
